<?xml version="1.0" encoding="UTF-8"?>
<beans xmlns="http://www.springframework.org/schema/beans"
	xmlns:xsi="http://www.w3.org/2001/XMLSchema-instance" xmlns:context="http://www.springframework.org/schema/context"
	xmlns:aop="http://www.springframework.org/schema/aop" xmlns:tx="http://www.springframework.org/schema/tx"
	xsi:schemaLocation="http://www.springframework.org/schema/beans
           http://www.springframework.org/schema/beans/spring-beans-4.3.xsd
           http://www.springframework.org/schema/context
           http://www.springframework.org/schema/context/spring-context-4.3.xsd
           http://www.springframework.org/schema/aop
           http://www.springframework.org/schema/aop/spring-aop-4.3.xsd
           http://www.springframework.org/schema/tx 
           http://www.springframework.org/schema/tx/spring-tx-4.3.xsd">
	<context:annotation-config />
	<context:component-scan base-package="com.njit" />

	<bean
		class="org.springframework.beans.factory.config.PropertyPlaceholderConfigurer">
		<property name="locations">
			<value>classpath:jdbc.properties</value>
		</property>
	</bean>

	<bean id="dataSource" destroy-method="close"
		class="org.apache.commons.dbcp.BasicDataSource">
		<property name="driverClassName" value="${jdbc.driverClassName}" />
		<property name="url" value="${jdbc.url}" />
		<property name="username" value="${jdbc.username}" />
		<property name="password" value="${jdbc.password}" />
	</bean>

	<bean id="sessionFactory"
		class="org.springframework.orm.hibernate5.LocalSessionFactoryBean">
		<property name="dataSource" ref="dataSource" />
		<property name="packagesToScan">
			<list>
				<value>com.njit.demo.model</value>
			</list>
		</property>
		<property name="hibernateProperties">
			<props>
				<prop key="hibernate.dialect">
					org.hibernate.dialect.MySQL5InnoDBDialect
				</prop>
				<prop key="hibernate.show_sql">true</prop>
			</props>
		</property>
	</bean>

	<bean id="hibernateTemplate" class="org.springframework.orm.hibernate5.HibernateTemplate">
		<property name="sessionFactory" ref="sessionFactory"></property>
	</bean>

	<bean id="txManager"
		class="org.springframework.orm.hibernate5.HibernateTransactionManager">
		<property name="sessionFactory" ref="sessionFactory" />
	</bean>

	<aop:config>
		<aop:pointcut id="bussinessService"
			expression="execution(public * com.njit.demo.service.*.*(..))" />
		<aop:advisor pointcut-ref="bussinessService" advice-ref="txAdvice" />
	</aop:config>

	<tx:advice id="txAdvice" transaction-manager="txManager">
		<tx:attributes>
			<tx:method name="exists" read-only="true" />
			<tx:method name="add*" propagation="REQUIRED" />
		</tx:attributes>
	</tx:advice>

</beans>