<?xml version="1.0" encoding="ISO-8859-1"?>
<!--
/*
 * Licensed to the Apache Software Foundation (ASF) under one
 * or more contributor license agreements.  See the NOTICE file
 * distributed with this work for additional information
 * regarding copyright ownership.  The ASF licenses this file
 * to you under the Apache License, Version 2.0 (the
 * "License"); you may not use this file except in compliance
 * with the License.  You may obtain a copy of the License at
 *
 *  http://www.apache.org/licenses/LICENSE-2.0
 *
 * Unless required by applicable law or agreed to in writing,
 * software distributed under the License is distributed on an
 * "AS IS" BASIS, WITHOUT WARRANTIES OR CONDITIONS OF ANY
 * KIND, either express or implied.  See the License for the
 * specific language governing permissions and limitations
 * under the License.
 */
-->
<project name="Struts 2">
    <skin>
        <groupId>org.apache.maven.skins</groupId>
        <artifactId>maven-fluido-skin</artifactId>
        <version>1.3.1</version>
    </skin>
    <bannerLeft>
        <name>Apache Software Foundation</name>
        <src>http://www.apache.org/images/asf-logo.gif</src>
        <href>http://www.apache.org/</href>
    </bannerLeft>
    <bannerRight>
        <name>Apache Struts</name>
        <src>http://struts.apache.org/img/struts-logo.svg</src>
        <href>http://struts.apache.org/</href>
    </bannerRight>
    <publishDate position="none"/>
    <version position="none"/>
    <body>
        <links>
            <item name="Apache" href="http://www.apache.org/"/>
            <item name="Struts" href="http://struts.apache.org/"/>
        </links>

        <menu name="Top Site">
            <item name="Apache Struts" href="http://struts.apache.org/"/>
        </menu>

        <menu name="Documentation">
            <item name="Getting Started" href="../docs/home.html"/>
            <item name="Tutorials" href="../docs/tutorials.html"/>
            <item name="FAQs" href="../docs/faqs.html"/>
            <item name="Guides" href="../docs/guides.html"/>
        </menu>

        <menu name="Reference">
            <item name="Struts Core API" href="struts2-core/apidocs/index.html"/>
            <item name="Plugin APIs" href="plugins.html"/>
            <item name="Tag Reference" href="../docs/tag-reference.html"/>
            <item name="Plugin Registry" href="http://cwiki.apache.org/S2PLUGINS/home.html"/>
        </menu>

        <menu ref="reports"/>
        <menu ref="modules"/>

        <footer>
           <div class="row span12">
               Apache Struts, Struts, Apache, the Apache feather logo, and the Apache Struts
               project logos are trademarks of The Apache Software Foundation.
           </div>
        </footer>

    </body>
</project>
