<?xml version="1.0" encoding="UTF-8" ?>
<!DOCTYPE struts PUBLIC
    "-//Apache Software Foundation//DTD Struts Configuration 2.5//EN"
    "http://struts.apache.org/dtds/struts-2.5.dtd">

<struts>
	<!-- USER配置文件 -->
	<include file="struts-user.xml" />
	
	<!--设置开发模式 -->
	<constant name="struts.devMode" value="true" />
	<!--设置编码形式为UTF-8 -->
	<constant name="struts.i18n.encoding" value="utf-8" />
	<!-- 
	<package name="default" extends="struts-default">
		<action name="register" class="com.njit.demo.controller.UserController"
			method="register">
			<result name="success">/success.jsp</result>
			<result name="fail">/fail.jsp</result>
		</action>
		<action name="login" class="com.njit.demo.controller.UserController"
			method="login">
			<result name="success">/success.jsp</result>
			<result name="fail">/fail.jsp</result>
		</action>
	</package>
	 -->
</struts>
	
