<?xml version="1.0" encoding="UTF-8"?>
<!DOCTYPE mapper PUBLIC "-//mybatis.org//DTD Mapper 3.0//EN" "http://mybatis.org/dtd/mybatis-3-mapper.dtd">
<mapper namespace="com.njit.demo.mapper.UserMapper">

	<resultMap type="com.njit.demo.model.User" id="userMap">
		<id column="id" property="id"></id>
		<result column="username" property="username" />
		<result column="password" property="password" />
	</resultMap>

	<select id="selectUser" parameterType="User" resultType="java.util.List"
		resultMap="userMap">
		select * from user where username = #{username} and password = #{password}
	</select>

	<select id="selectUserByUserName" parameterType="java.lang.String"
		resultType="java.util.List" resultMap="userMap">
		select * from user where username = #{username}
	</select>

	<insert id="insertUser" parameterType="User">
		insert into user values (#{id},#{username},#{password})
	</insert>

</mapper>